{"a":8.168406993686256e-2,"b":1.7393152015541525e-2,"c":4.5729116075764936e-2,"d":3.803423992229237e-2,"e":0.11539278776104905,"f":1.4023797960174842e-2,"g":2.607455075279262e-2,"h":2.1673142302088392e-2,"i":8.309555609519184e-2,"j":2.7926177756192327e-3,"k":9.030475959203497e-3,"l":4.909847013113162e-2,"m":2.886716852841185e-2,"n":7.321515298688684e-2,"o":6.429091792132104e-2,"p":3.067326372025255e-2,"q":1.8668042739193784e-3,"r":7.385259834871297e-2,"s":7.726748421563866e-2,"t":7.230451675570665e-2,"u":2.947425934919864e-2,"v":1.2870325400679943e-2,"w":9.622389509470617e-3,"x":4.006799417192812e-3,"y":1.5617411364740165e-2,"z":2.048931520155415e-3}